SMILES,Predicted Value,Predicted prob
CC(C)c1cccc(c1)c2cccc3c2NC(=O)N(C3)C,1,0.56774783
CC(C)c1cccc(c1)c2cccnc2OC(F)F,1,0.59048116
Cc1c(ccc2n1ccn2)c3cccc(c3)C(C)C,0,0.4974598
CC(C)c1cccc(c1)c2cc3cc[nH]c3nc2C(=O)OC,1,0.5431198
CC(C)c1cccc(c1)c2ccc3c(c2)CNC(=O)C3(C)C,1,0.671868
CC(C)c1cccc(c1)c2ccc(=O)n(c2)CC3CC3,1,0.76082516
CC(C)c1cccc(c1)c2ccc(=O)n(c2)c3ccncc3,0,0.4639203
CC(C)c1cccc(c1)c2cc3cc[nH]c3c(c2)C(=O)N,1,0.5913793
CC(C)c1cccc(c1)c2cc3c(c(ccn3)OC)nc2,1,0.5989012
Cc1c(cnc2c1[nH]c(n2)C)c3cccc(c3)C(C)C,0,0.40846235
CC(C)c1cccc(c1)c2ccc3c(c2)c(c[nH]3)C[NH3+],0,0.39244476
CCOc1cc(cnc1F)c2cccc(c2)C(C)C,1,0.5345118
CC(C)c1cccc(c1)c2c3cc[nH]c3c(cn2)F,1,0.72338897
CC(C)c1cccc(c1)c2ccn(c(=O)c2)CC3CC3,1,0.71753067
CC(C)c1cccc(c1)c2ccc(=O)n(c2)CC(F)(F)F,0,0.33030236
CC(C)c1cccc(c1)c2ccc3ccc(=O)n(c3c2)C,1,0.7668186
CC(C)c1cccc(c1)c2cccn(c2=O)CC3CC3,1,0.84017414
CC(C)c1cccc(c1)c2ccc(cc2)[C@H]3CCC(=O)N3,1,0.6705549
CC(C)c1cccc(c1)c2ccc(cc2)[C@@H]3CCC(=O)N3,1,0.6204495
CC(C)c1cccc(c1)c2cccc3c2n(cn3)C,0,0.4560028
CC(C)c1cccc(c1)c2cnccc2/C=C/[NH+](C)C,1,0.6597283
CC(C)c1cccc(c1)c2cc(c3nccn3c2)F,1,0.8331131
CC(C)c1cccc(c1)c2ccc(=O)n(c2)c3ccccn3,1,0.5600947
CC(C)c1cccc(c1)c2ccc(=O)n(c2)C3CCC3,1,0.7342598
CC(C)c1cccc(c1)c2cccc3c2CNC(=O)N3C,0,0.33140293
CC(C)Cn1ccc(cc1=O)c2cccc(c2)C(C)C,1,0.7037017
CC(C)c1cccc(c1)c2cccc3c2C(C(=O)NC3)(C)C,1,0.7250568
Cc1c(cnc(n1)SC)c2cccc(c2)C(C)C,0,0.4770625
Cc1nc2cc(cnc2o1)c3cccc(c3)C(C)C,0,0.49915603
CC(C)c1cccc(c1)c2cccn(c2=O)c3ccccn3,1,0.7746462
CC(C)c1cccc(c1)c2ccn(c(=O)c2)c3cccnc3,1,0.52095217
CCOCc1cc(cnc1)c2cccc(c2)C(C)C,1,0.7348795
CC(C)c1cccc(c1)c2ccn(c(=O)c2)C3CCC3,1,0.6938773
Cc1cc(cc2c1OCC(=O)N2)c3cccc(c3)C(C)C,0,0.0974868
CC(C)c1cccc(c1)c2cccc(c2)Cn3ccnc3N,0,0.35029602
CC(C)c1cccc(c1)c2cn(c(=O)cn2)c3ccccc3,0,0.351976
CCOC(=O)c1cc(c(cn1)c2cccc(c2)C(C)C)C,0,0.24274708
CC(C)c1cccc(c1)c2cc(=O)n(nc2)c3ccccc3,0,0.406811
CC(C)c1cccc(c1)c2ccnc(c2)OC3CCOCC3,1,0.8155365
CC(C)c1cccc(c1)c2cccc3c2CCN(C3=O)C,1,0.7848878
CC(C)c1cccc(c1)c2cc(ccc2F)C(=O)N(C)C,1,0.6494701
Cc1c(ccc2c1NC(=O)CO2)c3cccc(c3)C(C)C,0,0.1947107
CCCOc1ccc(cc1)c2ccc3c(c2)[C@H](C(=O)N3)C,1,0.63558066
CCCOc1ccc(cc1)c2ccc3c(c2)[C@@H](C(=O)N3)C,1,0.6330923
CCCOc1ccc(cc1)c2c3cc[nH]c3nc(n2)C4CC4,1,0.854716
CCCOc1ccc(cc1)c2c(cc3ccncc3n2)C,1,0.7238954
CCCOc1ccc(cc1)c2ccc3c(c2)NC(=O)CC3,1,0.7692583
CCCOc1ccc(cc1)c2ccccc2C(OC)OC,1,0.5352834
CCCOc1ccc(cc1)c2cc3c(cc2C)[nH]cn3,1,0.91054004
CCCOc1ccc(cc1)c2ccccc2C(C)(C)O,1,0.8476274
CCCOc1ccc(cc1)c2ccnc(n2)c3nccs3,0,0.38842598
CCCOc1ccc(cc1)c2c(nccn2)C(C)C,1,0.5521382
CCCOc1ccc(cc1)c2cc(c(cc2OC)C)OC,1,0.625447
CCCOc1ccc(cc1)c2ccc3c(c2)[nH]c(n3)C,0,0.4816951
CCCOc1ccc(cc1)c2ccc3cnncc3c2,0,0.4075538
CCCOc1ccc(cc1)c2ccc3c(c2)ncn3C,0,0.13435647
CCCOc1ccc(cc1)c2ccnc(c2)N3CCCC3,1,0.79106474
CCCOc1ccc(cc1)c2cc(c(cc2OC)F)F,1,0.72632587
CCCOc1ccc(cc1)c2cccc3n2cc([nH+]3)C,0,0.19779104
CCCOc1ccc(cc1)c2cc3c(cc[nH]3)nc2,0,0.17527045
CCCOc1ccc(cc1)c2c(cccn2)C3CCOCC3,1,0.8857081
CCCOc1ccc(cc1)c2ccc3c(c2)CCC(=O)N3,1,0.79694927
CCCOc1ccc(cc1)c2cnc(c3c2cc[nH]3)OC,0,0.42571735
CCCOc1ccc(cc1)c2cc(ccn2)CSC,1,0.82795393
CCCOc1ccc(cc1)c2c(nccn2)O[C@H](C)CC,1,0.5152303
CCCOc1ccc(cc1)c2c(nccn2)O[C@@H](C)CC,1,0.5072631
CCCOc1ccc(cc1)c2nc(cc(n2)C(C)C)C,0,0.4526016
CCCOc1ccc(cc1)c2cnc3c(c2C)cc[nH]3,1,0.91261435
CCCOc1ccc(cc1)c2cccc3c2cncn3,0,0.43694544
CCCOc1ccc(cc1)c2c3c(ccn2)ccn3C,0,0.30607516
CCCOc1ccc(cc1)c2cccc(c2OC)F,1,0.7692835
CCCCc1cc(ncn1)c2ccc(cc2)OCCC,1,0.64144766
CCCOc1ccc(cc1)c2cccc3c2COCC3,1,0.8725428
CCCOc1ccc(cc1)c2cc(cc(c2OC)F)F,1,0.71521336
CCCOc1ccc(cc1)c2ccc3c(c2)NC(=O)[C@@H]3C,1,0.62201357
CCCOc1ccc(cc1)c2ccc3c(c2)NC(=O)[C@H]3C,1,0.6037294
CCCOc1ccc(cc1)c2c(c(nc(n2)C3CC3)C)OC,0,0.47677207
CCCOc1ccc(cc1)c2cccc3c2nc[nH]3,1,0.52950746
CCCOc1ccc(cc1)c2cccc3c2nccn3,0,0.3859226
CCCOc1ccc(cc1)c2ccccc2CC(=O)OCC,1,0.58384746
CCCOc1ccc(cc1)c2cccc(n2)C3CC3,1,0.8461856
CCCOc1ccc(cc1)c2ccc(cc2)n3ccnc3,0,0.358803
CCCOc1ccc(cc1)c2ccc(nn2)SC(C)C,1,0.7005581
CCCOc1ccc(cc1)c2ccc3c(c2)CCOC3,1,0.9035883
CCCOc1ccc(cc1)c2cc(c3c(c2)[nH]cn3)C,0,0.42348891
CCCOc1ccc(cc1)c2c3c(cccn3)cc(n2)C,1,0.70330405
CCCOc1ccc(cc1)c2cccc(c2)C3OCCO3,1,0.8065689
CCCOc1ccc(cc1)c2c(cccn2)C[NH+]3CCCC3,1,0.8172539
CCCOc1ccc(cc1)c2cccc(n2)COCC3CC3,1,0.8667795
CCCOc1ccc(cc1)c2ccnc(n2)c3cncs3,1,0.5034878
CCCOc1ccc(cc1)c2ccc3c(c2)c(ncn3)OC,1,0.57660496
CCCOc1ccc(cc1)c2c(cccn2)C(=O)OC(C)C,1,0.56329817
CCCOc1ccc(cc1)c2ccc(c(c2)C(=O)OC)F,1,0.8030624
CCCOc1ccc(cc1)c2cc(cnc2)SC,1,0.85600257
CCCOc1ccc(cc1)c2ccc(c(c2)F)NC(=O)C,1,0.53575546
CCCOc1ccc(cc1)c2c(cc3c(n2)cccn3)C,1,0.62171584
CCCOc1ccc(cc1)c2cc(ncn2)C3CCC3,1,0.8251059
CCCOc1ccc(cc1)c2cccc(c2)CNC(=O)CC,1,0.6736661
CCCOc1ccc(cc1)c2cc(ccc2NC(=O)C)F,1,0.7703231
CCCOc1ccc(cc1)c2cc(ccc2C)NC(=O)C,1,0.6772287
CCCOc1ccc(cc1)c2ccc(cn2)CSC,1,0.8241171
CCCOc1ccc(cc1)c2nc(cc(n2)CC)CC,1,0.57007724
CCCOc1ccc(cc1)c2ccc(c(c2)F)C(=O)OC,1,0.62359995
CCCOc1ccc(cc1)c2c(cccn2)OC(C)C,1,0.5813938
CCCOc1ccc(cc1)c2c3c(nc(n2)C4CC4)CCC3,1,0.7097701
CCCOc1ccc(cc1)c2cc3c(nn2)CC[C@H](C3)C,1,0.5586608
CCCOc1ccc(cc1)c2cc3c(nn2)CC[C@@H](C3)C,1,0.56176907
CCCOc1ccc(cc1)c2ccc3c(c2)COC3,1,0.90537596
CCCOc1ccc(cc1)c2c3c(nc(n2)C)CCCC3,1,0.76809937
CCCOc1ccc(cc1)c2c3ccccc3c(nn2)C,1,0.6486114
CCCOc1ccc(cc1)c2cc(ncn2)C(C)(C)C,0,0.4062676
CCCOc1ccc(cc1)c2c3c(c[nH]c3ncn2)SC,1,0.7342421
CCCOc1ccc(cc1)c2c3c(cc[nH]3)c(cn2)F,1,0.5808226
CCCOc1ccc(cc1)c2ccc(nn2)C3CCC3,1,0.8107421
CCCOc1ccc(cc1)c2c3c(cc(s3)C)ncn2,0,0.16019015
CCCOc1ccc(cc1)c2ccc(nn2)C(C)(C)C,0,0.39981273
CCCOc1ccc(cc1)c2c(c(ccn2)C)C(=O)OCC,1,0.5193868
CCCOc1ccc(cc1)c2cncc(n2)SCC,1,0.8279233
CCCOc1ccc(cc1)c2ccc3c(n2)cc(cn3)F,1,0.8545098
CCCOc1ccc(cc1)c2cc(cc[nH+]2)N3CCCC3,1,0.5845427
CCCOc1ccc(cc1)c2cc(nc(n2)C(C)C)C,0,0.45127735
CCCOc1ccc(cc1)c2c3c(ccn2)ncs3,1,0.70665526
CCCOc1ccc(cc1)c2c3ccncc3ccn2,0,0.25916845
CCCOc1ccc(cc1)c2c3c(cccc3OC)ncn2,1,0.77491933
CCCOc1ccc(cc1)c2c3c(cc[nH]3)c(cn2)OC,0,0.3838178
CCCOc1ccc(cc1)c2cc3c(cc[nH]3)c(n2)C,0,0.4127141
CCCOc1ccc(cc1)c2c3c(cc([nH]3)C)nc(n2)C,0,0.16082
CCCc1cc(nc(n1)C)c2ccc(cc2)OCCC,1,0.6854937
CCCOc1ccc(cc1)c2c(cc(nn2)C)C(F)(F)F,0,0.26729965
CCCOc1ccc(cc1)c2c3c(c(c([nH]3)C)C)ncn2,0,0.060256775
CCCOc1ccc(cc1)c2c3ccn(c3ncn2)C(C)C,0,0.47145846
CCCOc1ccc(cc1)c2c(cccn2)C(F)F,1,0.67882574
CCCOc1ccc(cc1)c2c(cc(cn2)C(F)(F)F)N,0,0.21107228
CCCOc1ccc(cc1)c2ccc(cn2)COCC3CC3,1,0.8775156
CCCOc1ccc(cc1)c2ncc3cc(sc3n2)C,0,0.48043886
CCCOc1ccc(cc1)c2cccc(n2)SC,1,0.85247797
CCCOc1ccc(cc1)c2ccc(cn2)C[NH+]3CCCC3,1,0.82098967
CCCOc1ccc(cc1)c2cc(c3cc[nH]c3n2)C,1,0.5561124
CCCOc1ccc(cc1)c2cc(ccn2)SC,1,0.8564597
CCCOc1ccc(cc1)c2ccc3c(n2)scn3,1,0.8814423
CCCOc1ccc(cc1)c2c3c(cc[nH]3)c(cn2)C,0,0.34278807
CCCOc1ccc(cc1)c2ncc3cc(ccc3n2)F,1,0.8582417
CCCOc1ccc(cc1)c2ccc(cn2)C[NH+](C)C3CC3,1,0.8104549
CCCOc1ccc(cc1)c2cc(ncn2)CC(C)C,1,0.53199077
CCCOc1ccc(cc1)c2cc(ncn2)c3ccco3,1,0.7045785
CCCOc1ccc(cc1)c2nccc(n2)C(C)C,1,0.53367084
CCCOc1ccc(cc1)c2c(c(nc(n2)C3CC3)C)F,1,0.68385
CCCOc1ccc(cc1)c2ccc(nn2)c3ccco3,1,0.6598033
CCCOc1ccc(cc1)c2c3ccccc3c(nn2)OC,1,0.6945127
CCCOc1ccc(cc1)c2cc(nc(n2)C3CC3)C,1,0.5073415
CCCOc1ccc(cc1)c2c(c(ccn2)SC)F,1,0.8757675
CCCOc1ccc(cc1)c2ccc(cn2)COC(C)C,1,0.6470372
CCCOc1ccc(cc1)c2cc3cc([nH]c3cn2)C,1,0.57588035
CCCOc1ccc(cc1)c2ncc3c(n2)c(cs3)C,1,0.53339964
Cc1cnc(c2c1cccc2)c3ccc(cc3)OCCOC,1,0.6850562
COCCOc1ccc(cc1)c2c3cccc(c3ccn2)F,1,0.9055796
COCCOc1ccc(cc1)c2c3ccccc3c(cn2)F,1,0.90592873
Cc1ccc2c(c1)ccc(n2)c3ccc(cc3)OCCOC,0,0.2010889
COCCOc1ccc(cc1)c2ccc3cc(ccc3n2)F,1,0.91146684
CC(C)(C)c1ccnc(c1)c2ccc(cc2)OCCOC,1,0.7733132
COCCOc1ccc(cc1)c2c3ccc(cc3ccn2)F,1,0.9102303
Cc1cc2c(s1)ccnc2c3ccc(cc3)OCCOC,0,0.17183025
Cc1cc2ccccc2nc1c3ccc(cc3)OCCOC,0,0.26229563
Cc1ccc2ccnc(c2c1)c3ccc(cc3)OCCOC,1,0.5438964
Cc1cc2ccccc2c(n1)c3ccc(cc3)OCCOC,0,0.32118037
Cc1ccc2cc(ncc2c1)c3ccc(cc3)OCCOC,0,0.49545094
Cc1cccc2c1nc(cc2)c3ccc(cc3)OCCOC,0,0.39148068
COCCOc1ccc(cc1)c2cc3cc(ccc3cn2)F,1,0.91378635
COCCOc1ccc(cc1)c2ccc3cccc(c3n2)F,1,0.9023701
Cc1ccc2c(c1)ccnc2c3ccc(cc3)OCCOC,0,0.3264024
Cc1csc2c1nc(cc2)c3ccc(cc3)OCCOC,0,0.11865895
Cc1cccc2c1ccnc2c3ccc(cc3)OCCOC,0,0.23738948
COCCOc1ccc(cc1)c2c3cc(ccc3ccn2)F,1,0.9135456
COCCOc1ccc(cc1)c2ccc3ccc(cc3n2)F,1,0.90749025
COCCOc1ccc(cc1)c2cc3ccc(cc3cn2)F,1,0.91017395
Cc1cccc2c1c(ncc2)c3ccc(cc3)OCCOC,0,0.3349942
Cc1cc(cc(c1c2ccc(cc2)OCCOC)C)F,0,0.25074816
CCCOc1ccc(cc1)c2ccc3c(c2)ccnn3,1,0.6900967
CCCOc1ccc(cc1)c2cncc3c2[nH]cc3,1,0.8990943
CCCOc1ccc(cc1)c2cccc3c2ncnc3,0,0.41947487
CCCOc1ccc(cc1)c2ccc(c(c2)NC(=O)C)C,1,0.58630145
CCCOc1ccc(cc1)c2ccc3c(c2)NC(=O)N(C3)C,1,0.54919595
CCCOc1ccc(cc1)c2ccc3c(c2)C4(CC4)C(=O)N3,1,0.7002478
CCCOc1ccc(cc1)c2cccc(c2OC)C,1,0.53199035
CCCOc1ccc(cc1)c2cccc3c2ncn3C,0,0.103254855
CCCOc1ccc(cc1)c2cc3c(c(c2)F)nccn3,0,0.4098894
CCCOc1ccc(cc1)c2cc3c(nc2)CCC3,1,0.86155516
CCCOc1ccc(cc1)c2cccc3c2C4(CC4)C(=O)N3,1,0.76232284
CCCOc1ccc(cc1)c2ccc3c(cc[nH+]c3c2)N,1,0.5913757
CCCOc1ccc(cc1)c2ccc(cc2C)NC(=O)C,1,0.67011684
CCCOc1ccc(cc1)c2cccc3c2cno3,1,0.5991207
CCCOc1ccc(cc1)c2cccc3c2cnnc3,0,0.47482777
CCCOc1ccc(cc1)c2ccc(cc2)C3(CCC3)[NH3+],1,0.8517639
CCCOc1ccc(cc1)c2ccc3c(c2)sc(n3)N,1,0.5871245
CCCOc1ccc(cc1)c2cc(cc3c2nccn3)F,1,0.663039
CCCOc1ccc(cc1)c2cc3c(nc2)scn3,1,0.87621677
CCCOc1ccc(cc1)c2cc3cccnc3nc2,0,0.35329226
CCCOc1ccc(cc1)c2cc(cnc2C)C(=O)OCC,1,0.6010638
CCCOc1ccc(cc1)c2cccc(c2)C3(OCCO3)C,1,0.59100527
CCCOc1ccc(cc1)c2ccc3c(c2)cncn3,1,0.6659211
CCCOc1ccc(cc1)c2cncnc2C(C)(C)C,0,0.469141
CCCOc1ccc(cc1)c2ccc3nnc(n3c2)C(C)C,0,0.46353087
CCCOc1ccc(cc1)c2cc3c(cco3)nc2,1,0.63519037
CCCOc1ccc(cc1)c2cc(c3c(c2)CCC(=O)N3)C,1,0.6086618
CCCOc1ccc(cc1)c2cccc3c2CCC(=O)N3,1,0.8222088
CCCOc1ccc(cc1)c2cc3c(cc2OC)nc[nH]3,1,0.71082956
CCCOc1ccc(cc1)c2cc(c3nccn3c2)C,1,0.5959041
CCCOc1ccc(cc1)c2ccn(c(=O)c2)C3CCC3,1,0.70602566
CCCOc1ccc(cc1)c2c(cccn2)C3CC3,1,0.87562656
CC(C)(C)c1ccc(nc1)c2ccc(cc2)OCCOC,1,0.76787037
CCCOc1ccc(cc1)c2cccc(c2)OC(=O)C,1,0.63065994
CCCOc1ccc(cc1)c2ccc3c(c2)ocn3,1,0.83616006
CCCOc1ccc(cc1)c2cccc3c2NC(=O)C34CC4,1,0.8785785
CCCOc1ccc(cc1)c2ccc3c(c2C)nc[nH]3,1,0.8579795
CCCOc1ccc(cc1)c2cc(ccc2NC(=O)C)C,1,0.6347686
CCCOc1ccc(cc1)c2ccc3c(c2)NC(=O)C34CC4,1,0.83964694
CCCOc1ccc(cc1)c2cccc3c2C(C(=O)N3)(C)C,1,0.70589024
CCCOc1ccc(cc1)c2cc3c(c[nH]c3nc2)F,1,0.74609065
CCCOc1ccc(cc1)c2cn3ccnc3cc2C,0,0.17393215
CCCOc1ccc(cc1)c2ccccc2CCC(=O)OC,1,0.64098513
CCCOc1ccc(cc1)c2ccccc2C3OCCO3,1,0.78961205
CCCOc1ccc(cc1)c2cc(cnc2)C[NH+]3CCCC3,1,0.8287887
CCCOc1ccc(cc1)c2ccc3c(c2)ccc(n3)N,1,0.65164137
CCCOc1ccc(cc1)c2cc3cnccc3nc2,0,0.32962748
CCCOc1ccc(cc1)c2ccc(cc2)[C@@H]3CC[NH2+]C3,1,0.9088261
CCCOc1ccc(cc1)c2ccc(cc2)[C@H]3CC[NH2+]C3,1,0.91398543
CCCOc1ccc(cc1)c2c(cccc2OC)C,1,0.64478445
CCCOc1ccc(cc1)c2ccc(nc2)C(F)F,1,0.6667564
CCCOc1ccc(cc1)c2ccc3cnc(nc3c2)C,1,0.6537067
CCCOc1ccc(cc1)c2ccccc2C3(CC3)[NH3+],1,0.85158217
CCCOc1ccc(cc1)c2ccnc3c2cc([nH]3)C,0,0.3179092
CCCOc1ccc(cc1)c2ccc(c(c2)C[NH+](C)C)OC,1,0.5964937
CCCOc1ccc(cc1)c2cc(cnc2)C(F)F,1,0.6774377
CCCOc1ccc(cc1)c2cccc(c2)C3(CCC3)[NH3+],1,0.850866
CCCOc1ccc(cc1)c2ccc3c(c2)ccc(=O)o3,1,0.886989
CCCOc1ccc(cc1)c2ccnc3c2ccn3C,0,0.20627484
CCCOc1ccc(cc1)c2cccc3c2CN(C(=O)N3)C,1,0.51223326
CCCOc1ccc(cc1)c2ccc3c(c2)cno3,1,0.7658708
CCCOc1ccc(cc1)c2cccnc2C(F)F,0,0.4839111
CCCOc1ccc(cc1)c2ccnc(c2)C3CC3,1,0.8727645
CCCOc1ccc(cc1)c2cccc(c2)C3(CC3)[NH3+],1,0.84134406
CCCOc1ccc(cc1)c2cccc(c2)C(C)(C)[NH3+],1,0.8224208
CCCOc1ccc(cc1)c2cc3c(cc2F)[nH]cn3,1,0.905608
COCCOc1ccc(cc1)c2cc3ccc(cc3nc2)F,1,0.90864
Cc1c[nH]c2c1cc(cc2)c3ccc(cc3)OCCOC,0,0.1597556
CCc1cc2c(o1)ccnc2c3ccc(cc3)OCCOC,0,0.29713625
CCCOc1ccc(cc1)c2cc3ccoc3nc2,0,0.48573667
CCCOc1ccc(cc1)c2ccc3cnoc3c2,1,0.56692857
CCCOc1ccc(cc1)c2ccc3c(c2)C(C(=O)N3)(C)C,1,0.6976787
CCCOc1ccc(cc1)c2ccc(nc2)OC(F)F,1,0.6440206
CCCOc1ccc(cc1)c2ccnc(c2)OC(F)F,1,0.6633082
Cc1ccc2cc(ccc2n1)c3ccc(cc3)OCCOC,0,0.25156394
CCCOc1ccc(cc1)c2cccnc2OC(F)F,0,0.35330078
CCCOc1ccc(cc1)c2ccc(cc2)C3(CC3)[NH3+],1,0.8427113
CCCOc1ccc(cc1)c2cnc3c(c2F)cc[nH]3,1,0.88163185
CCCOc1ccc(cc1)c2cc(ccc2F)NC(=O)C,1,0.5424424
CCCOc1ccc(cc1)c2cccc3c2nsn3,0,0.36586168
CCCOc1ccc(cc1)c2ccc(cc2)OCOC,1,0.515351
CCCOc1ccc(cc1)c2ccc3c(c2)CCN3C(=O)C,1,0.75788766
CCCOc1ccc(cc1)c2c(cc(nc2C)OC)C,1,0.6569675
CCCOc1ccc(cc1)c2ccc(cn2)SC,1,0.8547331
CCCOc1ccc(cc1)c2cncc(c2CC)F,1,0.7652778
CCCOc1ccc(cc1)c2cc(c(nc2)C)C(=O)OCC,1,0.5182814
CCCOc1ccc(cc1)c2ccc(c(c2C)OC)OC,1,0.65385854
CCCOc1ccc(cc1)c2ccnc(c2)C(F)F,1,0.6872892
CCCOc1ccc(cc1)c2ccc3c(c2)CC[NH+](C3)C,1,0.7555262
CCCOc1ccc(cc1)c2ccc3c(c2)CCCC(=O)N3,1,0.80997473
CCCOc1ccc(cc1)c2cccc3c2onc3,1,0.7356529
CCCOc1ccc(cc1)c2ccc(cc2)C[NH+]3CCC3,1,0.887465
CCCOc1ccc(cc1)c2ccc(cc2)[C@H](C)C(=O)OC,1,0.6656867
CCCOc1ccc(cc1)c2ccc(cc2)[C@@H](C)C(=O)OC,1,0.66056
CCCOc1ccc(cc1)c2cccc3c2ncc(c3)N,1,0.6008522
CCCOc1ccc(cc1)c2ccc(cc2OC)C,1,0.57632756
CCCOc1ccc(cc1)c2ccc(cc2)C(C)(C)[NH3+],1,0.82456505
COCCOc1ccc(cc1)c2cc3cc(ccc3nc2)F,1,0.91268766
CCCOc1ccc(cc1)c2cccc(c2)C3COC3,1,0.88872045
CCCOc1ccc(cc1)c2ccc3c(c2)SCC(=O)N3,1,0.80348194
CCCOc1ccc(cc1)c2c3c(cc[nH]3)cnc2OC,0,0.15137357
CCCOc1ccc(cc1)c2cc(ccc2OCOC)C,1,0.55101484
CCCOc1ccc(cc1)c2ccccc2OCC[NH+](C)C,1,0.6718432
CCCOc1ccc(cc1)c2ccc(c(c2)C)NC(=O)C,1,0.61399573
COCCOc1ccc(cc1)c2ccccc2C=C,0,0.30714515
CCCOc1ccc(cc1)c2ccc(cc2F)NC(=O)C,1,0.53108823
CCCOc1ccc(cc1)c2cncc3c2cc[nH]3,1,0.6564218
CCCOc1ccc(cc1)c2ccc(cc2)c3nnco3,0,0.19034721
CCCOc1ccc(cc1)c2cccc3c2nc([nH]3)C,0,0.26223356
CCCOc1ccc(cc1)c2ccccc2Cn3ccnc3,0,0.4423486
CCCOc1ccc(cc1)c2cccc(c2C(=O)OC)F,1,0.81743044
CCCOc1ccc(cc1)c2cc3c(nc2)sc(n3)C,1,0.5904082
CCCOc1ccc(cc1)c2ccc3c(c2)nsn3,1,0.67218626
CCCOc1ccc(cc1)c2ccc3ccc(=O)oc3c2,1,0.8788405
CCCOc1ccc(cc1)c2ccc(cc2F)COC,0,0.42061242
CCCOc1ccc(cc1)c2ccc(cc2)S(=N)(=O)C,1,0.7092784
CCCOc1ccc(cc1)c2ccc(cc2)S(=N)(=O)C,1,0.7092784
CCCOc1ccc(cc1)c2ccc3cc(cnc3c2)N,1,0.71198416
CCCOc1ccc(cc1)c2ccc3ccnnc3c2,0,0.43298718
[H]/N=C(\c1cccc(c1)c2ccc(cc2)OCCC)/OC,0,0.35212564
[H]/N=C(/c1cccc(c1)c2ccc(cc2)OCCC)\OC,0,0.26851195
CCCOc1ccc(cc1)c2cccn(c2=O)C3CCC3,1,0.8148726
CCCOc1ccc(cc1)c2ccc(cc2)C3OCCO3,1,0.825089
CCCOc1ccc(cc1)c2cc3c(ccn3C)nc2,1,0.65578985
CCCOc1ccc(cc1)c2cccc3c2nc(cc3)N,1,0.64410186
COCCOc1ccc(cc1)c2ccnc3c2cc(cc3)F,1,0.9043709
CCCOc1ccc(cc1)c2ccc3c(c2)nco3,1,0.76057965
COCCOc1ccc(cc1)c2ccnc3c2ccc(c3)F,1,0.8944274
CCCOc1ccc(cc1)c2cc(ccc2F)COC,0,0.44437864
CCCOc1ccc(cc1)c2ccc(cc2)N3CCCC3=O,1,0.87257046
CCCOc1ccc(cc1)c2cccc3c2nco3,1,0.55523354
CCCOc1ccc(cc1)c2ccc(c(c2)NC(=O)C)OC,1,0.565122
Cc1ccc2cnccc2c1c3ccc(cc3)OCCOC,0,0.34685278
COCCOc1ccc(cc1)c2ccccc2SC,1,0.7410693
CCCOc1ccc(cc1)c2cc(cnc2)C[NH+](CC)CC,1,0.62225735
Cc1cncc2c1c(ccc2)c3ccc(cc3)OCCOC,0,0.49214634
COCCOc1ccc(cc1)c2ccc(cc2)c3ccno3,1,0.7593274
Cc1ccc(c2c1cccn2)c3ccc(cc3)OCCOC,0,0.36371297
Cc1nc2ccc(cc2s1)c3ccc(cc3)OCCOC,0,0.24943793
Cc1ccc2cncc(c2c1)c3ccc(cc3)OCCOC,1,0.5468812
COCCOc1ccc(cc1)c2cccc3c2occ3,1,0.9172497
CCCOc1ccc(cc1)c2cc(c(nc2)C(=O)OCC)C,0,0.47926268
CCCOc1ccc(cc1)c2ccc3c(c2)COCC3,1,0.8946463
CCCOc1ccc(cc1)c2cc(cn3c2ncc3)C,0,0.48722744
CCCOc1ccc(cc1)c2cccc(c2F)C(=O)OC,1,0.60163116
CCCOc1ccc(cc1)c2cccc3c2NC(=O)CC3,1,0.8369554
CCCOc1ccc(cc1)c2ccc(cc2)C3(COC3)C,1,0.7542705
CCCOc1ccc(cc1)c2cccc3c2oc(=O)cc3,1,0.88127625
CCCOc1ccc(cc1)c2ccc(c(c2)OC)NC(=O)C,1,0.5547319
CCCOc1ccc(cc1)c2ccc3[nH+]c(cn3c2)C,1,0.5150308
CCCOc1ccc(cc1)c2cccc3c2ocn3,1,0.7056463
CCCOc1ccc(cc1)c2c(cc(cc2F)OC)OC,1,0.5448346
CCCOc1ccc(cc1)c2cc3cc[nH]c3nc2C,0,0.427805
CCCOc1ccc(cc1)c2cncc3c2nccc3,1,0.6135966
CCCOc1ccc(cc1)c2cc(c(nc2)F)OC(C)C,0,0.43694627
CCCOc1ccc(cc1)c2ccc(cc2)Cn3ccnc3,1,0.7508314
CCCOc1ccc(cc1)c2cccc(c2)NC(=O)OC,0,0.45237288
COCCOc1ccc(cc1)c2ccc(cc2)c3ccon3,1,0.76731265
CCCOc1ccc(cc1)c2ccc(=O)n(c2)CC3CCC3,1,0.794755
CCCOc1ccc(cc1)c2ccnc3c2cccn3,1,0.6402052
CCCOc1ccc(cc1)c2ccc3c(c2F)nc[nH]3,1,0.8196021
CCCOc1ccc(cc1)c2ccc(c(c2)COC)F,1,0.84699893
CC(c1ccc(cc1)c2ccc(cc2)OCCOC)(F)F,0,0.38686624
CCCOc1ccc(cc1)c2ccc(nc2C)C(=O)OCC,1,0.60208213
CCCOc1ccc(cc1)c2cccc3c2COC3,1,0.8955218
CCCOc1ccc(cc1)c2ccccc2C3(CCC3)[NH3+],1,0.85813063
Cc1ccc2c(cccc2n1)c3ccc(cc3)OCCOC,0,0.2627328
CCCOc1ccc(cc1)c2ccc3nnc(n3c2)C4CC4,1,0.87476254
COCCOc1ccc(cc1)c2cccc(c2)C=C,1,0.6010741
CCCOc1ccc(cc1)c2cnc(nc2)C(C)(C)C,0,0.40896365
CCCOc1ccc(cc1)c2ccc3c(c2)NC(=O)C3(C)C,1,0.61821467
Cc1cc(c(cc1C)c2ccc(cc2)OCCOC)C,0,0.13628846
CCCOc1ccc(cc1)c2ccccc2C(C)(C)[NH3+],1,0.8641047
CCCOc1ccc(cc1)c2cc3c(c(c2)F)nc[nH]3,1,0.7849987
COCCOc1ccc(cc1)c2cc3cccnc3c(c2)F,1,0.90749294
CCCOc1ccc(cc1)c2ccc(cn2)C(F)F,1,0.6609985
COCCOc1ccc(cc1)c2cccc(c2)OC3CCC3,1,0.87679183
COCCOc1ccc(cc1)c2ccccc2OC3CCC3,1,0.8708918
COCCOc1ccc(cc1)c2c(ccc3c2nccc3)F,1,0.8993294
COCCOc1ccc(cc1)c2ccc(c3c2ccnc3)F,1,0.8959756
COCCOc1ccc(cc1)c2cc(cc3c2nccc3)F,1,0.8933538
Cc1ccc(c2c1nccc2)c3ccc(cc3)OCCOC,0,0.41136593
COCCOc1ccc(cc1)c2cccc(c2)c3ncco3,1,0.61129194
Cc1c(c(cc(c1F)F)c2ccc(cc2)OCCOC)F,0,0.05368433
Cc1c(ccc2c1nccc2)c3ccc(cc3)OCCOC,0,0.43751636
COCCOc1ccc(cc1)c2ccccc2c3ncco3,0,0.3971868
Cc1ccc2c(c1c3ccc(cc3)OCCOC)cc[nH]2,0,0.3197686
Cc1cc(c2cc[nH]c2c1)c3ccc(cc3)OCCOC,0,0.16280316
Cc1cc(c2cccnc2c1)c3ccc(cc3)OCCOC,1,0.53229153
COCCOc1ccc(cc1)c2cccc(c2)C3CC3,1,0.9022068
Cc1ccc2cccnc2c1c3ccc(cc3)OCCOC,0,0.3245248
Cc1cc(c2ccccc2n1)c3ccc(cc3)OCCOC,0,0.31408226
Cc1cc(ncc1c2cc(ccn2)c3ccccc3)OC,1,0.70639074
Cc1cc(cc(c1c2ccc(cc2)OCCOC)C)OC,0,0.116060205
COCCOc1ccc(cc1)c2cc(ccc2C=C)F,1,0.8612581
COCCOc1ccc(cc1)c2ccccc2c3cnco3,1,0.50469613
CCSc1ccc(cc1)c2ccc(cc2)OCCOC,0,0.16338958
Cc1cc2ccc(cc2[nH]1)c3ccc(cc3)OCCOC,0,0.050377898
Cc1nc2cc(ccc2s1)c3ccc(cc3)OCCOC,0,0.24569851
Cc1ccc(c2c1cc[nH]2)c3ccc(cc3)OCCOC,0,0.16114554
Cc1c(c(ccc1c2ccc(cc2)OCCOC)OC)C,0,0.08446627
CC(C)Oc1ccccc1c2ccc(cc2)OCCOC,0,0.25783765
Cc1cc2cc[nH]c2cc1c3ccc(cc3)OCCOC,0,0.33993286
Cc1ccnc2c1cc(cc2)c3ccc(cc3)OCCOC,0,0.46762472
COCCOc1ccc(cc1)c2cccc3c2cco3,1,0.890657
COCCOc1ccc(cc1)c2ccc(cc2)c3cnco3,1,0.7468658
COCCOc1ccc(cc1)c2ccc(cc2)c3ncco3,1,0.66015756
COCCOc1ccc(cc1)c2ccc(cc2)C=C,1,0.63760084
Cc1ccnc2c1ccc(c2)c3ccc(cc3)OCCOC,0,0.4372314
Cc1cc(ncc1c2ccc(cn2)c3ccccc3)OC,1,0.67733014
COCCOc1ccc(cc1)c2ccc(c3c2occ3)F,1,0.9200279
COCCOc1ccc(cc1)c2ccc(cc2)C3CC3,1,0.9082878
CCc1nc2cc(ccc2o1)c3ccc(cc3)OCCOC,1,0.6961943
CC(c1ccccc1c2ccc(cc2)OCCOC)(F)F,0,0.13814199
COCCOc1ccc(cc1)c2cccc(c2)c3cnco3,1,0.7058226
Cc1c[nH]c2c1ccc(c2)c3ccc(cc3)OCCOC,0,0.14233692
Cc1c[nH]c2c1c(ccc2)c3ccc(cc3)OCCOC,0,0.17698912
Cc1c[nH]c2c1cccc2c3ccc(cc3)OCCOC,0,0.2060865
COCCOc1ccc(cc1)c2cc3cccnc3cc2F,1,0.81002915
Cc1c([nH]c2c1cc(cc2)c3ccc(cc3)OCCOC)C,0,0.16037175
COCCOc1ccc(cc1)c2ccc3ccoc3c2,1,0.8589511
Cc1ccc2ccc(cc2n1)c3ccc(cc3)OCCOC,0,0.23914348
Cc1ccc2c(c1)c(ccn2)c3ccc(cc3)OCCOC,0,0.19715995
COCCOc1ccc(cc1)c2ccc(c3c2nccc3)F,1,0.8845065
Cc1cc2c(cccc2[nH]1)c3ccc(cc3)OCCOC,0,0.045228623
COCCOc1ccc(cc1)c2cccc3c2ncc(c3)F,1,0.87054616
Cc1cc2cccnc2c(c1)c3ccc(cc3)OCCOC,1,0.63280034
COCCOc1ccc(cc1)c2ccc(c3c2cccn3)F,1,0.893573
CCCOc1ccc(cc1)c2cc(c(nc2)OC)C(F)F,1,0.5895806
CCCOc1ccc(cc1)c2cc(nc3c2cc[nH]3)OC,0,0.39306256
CCCOc1ccc(cc1)c2ccc(cc2C[NH+](C)C)OC,1,0.6123904
CCCOc1ccc(cc1)c2ccc(c(c2OC)F)OC,0,0.46082798
CCCOc1ccc(cc1)c2cnc(nc2C(F)(F)F)C,0,0.12299256
CCCOc1ccc(cc1)c2ccc3c(c2)c(c[nH]3)C[NH3+],0,0.4102262
CCCOc1ccc(cc1)c2cc(c(cc2F)OC)OC,1,0.53667766
CCCOc1ccc(cc1)c2cc3cn[nH]c3nc2,0,0.33956248
CCCOc1ccc(cc1)c2cc3c(c(ccn3)OC)nc2,1,0.64740455
CCCOc1ccc(cc1)c2cnc(cc2C)C(=O)OCC,1,0.6226191
CCCOc1ccc(cc1)c2cnccc2/C=C/[NH+](C)C,1,0.61376953
COCCOc1ccc(cc1)c2ccccc2C3CC3,1,0.87629825
Cc1cc2c(cccn2)cc1c3ccc(cc3)OCCOC,1,0.5473482
COCCOc1ccc(cc1)c2cc(cc(c2)SC)F,1,0.91327673
COCCOc1ccc(cc1)c2ccc3cc(cnc3c2)F,1,0.9102949
COCCOc1ccc(cc1)c2cc3cnccc3cc2F,1,0.78391534
Cc1cc(c(c(c1c2ccc(cc2)OCCOC)C)F)C,0,0.13165091
COCCOc1ccc(cc1)c2cc3cccc(c3nc2)F,1,0.90290093
Cc1c(c(ccc1c2ccc(cc2)OCCOC)F)C,0,0.08813115
Cc1nc2cccc(c2s1)c3ccc(cc3)OCCOC,0,0.25591314
COCCOc1ccc(cc1)c2cncc3c2cccc3F,1,0.8100969
CCCOc1ccc(cc1)c2ccc(=O)n(c2)C3CCC3,1,0.7358264
Cc1cc(ncc1c2c3cc(sc3ncn2)C(C)C)OC,0,0.29687554
CCCOc1ccc(cc1)c2cccc(c2C)NC,1,0.5482699
CCCOc1ccc(cc1)c2ccc3c(c2C)nnn3CC,0,0.1109051
Cc1cccc2c1nc(cc2C)c3cnc(cc3C)OC,1,0.6731615
CCCOc1ccc(cc1)c2ccc(cc2)[C@H]3CCC(=O)N3,1,0.68035764
CCCOc1ccc(cc1)c2ccc(cc2)[C@@H]3CCC(=O)N3,1,0.63254124
CCCOc1ccc(cc1)c2ccc(c(c2OC)OC)F,1,0.76251596
CCCOc1ccc(cc1)c2cc(cnc2)COCC,1,0.6765757
CCCOc1ccc(cc1)c2ccc3nccn3c2C,0,0.29201913
CCCOc1ccc(cc1)c2cnc(nc2)C(C)C,1,0.5494548
COCCOc1ccc(cc1)c2cc(cc(c2)F)C(F)F,1,0.6638945
CCCOc1ccc(cc1)c2ccc(c(c2)OCOC)F,1,0.77888954
Cc1cc2c(cc[nH]2)cc1c3ccc(cc3)OCCOC,0,0.1175291
Cc1c(ccc2c1[nH]cc2)c3ccc(cc3)OCCOC,0,0.13168663
COCCOc1ccc(cc1)c2cc3c(cccc3F)nc2,1,0.8238467
CCCOc1ccc(cc1)c2ccc(c(c2OC)F)F,1,0.7015337
CCCOc1ccc(cc1)c2cccc(c2)[C@H](C)C(=O)OC,1,0.6705236
CCCOc1ccc(cc1)c2cccc(c2)[C@@H](C)C(=O)OC,1,0.6662
CCCOc1ccc(cc1)c2cnc3c(c2C)[nH]c(n3)C,0,0.33394974
CCCOc1ccc(cc1)c2ccc(cc2COC)OC,1,0.65909034
CCCOc1ccc(cc1)c2cnccc2C[NH+](CC)CC,1,0.6541261
Cc1cncc2c1cccc2c3ccc(cc3)OCCOC,0,0.33587444
CC(C)(C)c1ccc(cn1)c2ccc(cc2)OCCOC,1,0.7414824
COCCOc1ccc(cc1)c2cc(ccc2SC)F,1,0.9135045
Cc1cc(cc2c1nccc2)c3ccc(cc3)OCCOC,0,0.42807537
CC(C)(C)c1cccc(n1)c2ccc(cc2)OCCOC,1,0.756209
COCCOc1ccc(cc1)c2cncc3c2ccc(c3)F,1,0.8932264
CCc1cccc(c1c2ccc(cc2)OCCOC)C,0,0.073278315
COCCOc1ccc(cc1)c2ccnc3c2cccc3F,1,0.81314296
Cc1coc2c1cc(cc2)c3ccc(cc3)OCCOC,0,0.16596308
COCCOc1ccc(cc1)c2ccc(cc2)OC3CCC3,1,0.88490605
COCCOc1ccc(cc1)c2cccc(c2SC)F,1,0.91421956
CCCOc1ccc(cc1)c2c3cc[nH]c3c(cn2)F,1,0.7279586
CCCOc1ccc(cc1)c2ccc3c(c2)NC(=S)C3,1,0.8682001
CCCOc1ccc(cc1)c2c(cnc3c2cc[nH]3)C,0,0.3345109
CCCOc1ccc(cc1)c2ccc(cc2)C(OC)OC,1,0.6661294
CCCOc1ccc(cc1)c2cccc3c2NC(=O)N(C3)C,1,0.5390549
CCCOc1ccc(cc1)c2ccncc2SC,1,0.6665842
Cc1nc2c(cccc2s1)c3ccc(cc3)OCCOC,0,0.2382449
COCCOc1ccc(cc1)c2ccc(c(c2)F)SC,1,0.8587942
COCCOc1ccc(cc1)c2ccc(cc2F)SC,1,0.83536506
CC(C)(C)c1cc(ccn1)c2ccc(cc2)OCCOC,1,0.728168
Cc1cc(cc(c1c2ccc(cc2)OCCOC)C)N(C)C,0,0.2326776
Cc1cc(cc2c1cc[nH]2)c3ccc(cc3)OCCOC,0,0.16936734
Cc1ccc(c(c1)SC)c2ccc(cc2)OCCOC,0,0.113889806
Cc1ccc(c2c1[nH]cc2)c3ccc(cc3)OCCOC,0,0.12784812
COCCOc1ccc(cc1)c2cccc(c2F)SC,1,0.835496
COCCOc1ccc(cc1)c2ccc(cc2C=C)F,1,0.8564056
CCCOc1ccc(cc1)c2c(cc(nc2C)C)C,1,0.6842611
CCCOc1ccc(cc1)c2ccc3c(c2)C(=O)NC3(C)C,1,0.67722666
CCCOc1ccc(cc1)c2cc(cnc2)c3ncco3,0,0.46444133
CCCOc1ccc(cc1)c2cccc3c2n(cn3)C,0,0.38049716
CCCOc1ccc(cc1)c2cc(c(nc2)F)OCC,0,0.4841442
Cc1cccc2c1nccc2c3ccc(cc3)OCCOC,0,0.2523254
Cc1cc(ccc1c2ccc(cc2)OCCOC)SC,0,0.25313285
COCCOc1ccc(cc1)c2ccc3c(c2)cc(cn3)F,1,0.90653497
COCCOc1ccc(cc1)c2cccc(c2)CSC,1,0.8471016
Cc1cc2cc(ccc2[nH]1)c3ccc(cc3)OCCOC,0,0.047407914
COCCOc1ccc(cc1)c2c3c(cccc3F)ccn2,1,0.85257685
COCCOc1ccc(cc1)c2cc3ccoc3c(c2)OC,1,0.76661754
Cc1cc(c2c(c1c3ccc(cc3)OCCOC)cc[nH]2)F,1,0.62422127
Cc1ccc(c(c1)c2ccc(cc2)OCCOC)SC,0,0.35944897
CCOc1cc(ccc1C)c2ccc(cc2)OCCOC,0,0.44721293
CCOc1cc(ccc1c2ccc(cc2)OCCOC)C,0,0.27550513
Cc1cc(cc2c1[nH]cc2)c3ccc(cc3)OCCOC,0,0.12831299
CC1(COc2c1cc(cc2)c3ccc(cc3)OCCOC)C,1,0.55898523
COCCOc1ccc(cc1)c2cc3ccncc3cc2F,1,0.80273604
Cc1cc(c(c(c1)c2ccc(cc2)OCCOC)OC)C,0,0.093021266
Cc1ccc(cc1SC)c2ccc(cc2)OCCOC,0,0.107851334
COCCOc1ccc(cc1)c2ccc(c(c2)SC)F,1,0.9123038
Cc1ccc2c(c1)cc(cn2)c3ccc(cc3)OCCOC,0,0.19020694
Cc1ccc2c(ccnc2c1)c3ccc(cc3)OCCOC,0,0.47368056
COCCOc1ccc(cc1)c2cc(cc(c2)F)C=C,1,0.50624245
Cc1cc(c(cc1C)F)c2ccc(cc2)OCCOC,0,0.0484237
Cc1cccc2c1nc(cc2)c3cnn(c3)c4ccccc4,1,0.53394336
Cc1cn(c2c1cc(cc2)c3ccc(cc3)OCCOC)C,1,0.6758601
CCn1ccc2c1ccc(c2)c3ccc(cc3)OCCOC,1,0.64973116
Cc1cc2cc(ccc2cn1)c3ccc(cc3)OCCOC,0,0.33600157
CCOc1ccc(c(c1)c2ccc(cc2)OCCOC)C,1,0.52392644
Cc1cc2ccc(cc2nc1)c3ccc(cc3)OCCOC,0,0.34552127
c1ccc(cc1)n2cc(cn2)c3ccc4ccccc4n3,1,0.5587257
Cc1cc2c(cccc2n1C)c3ccc(cc3)OCCOC,0,0.47270387
COCCOc1ccc(cc1)c2cc3ccoc3c(c2)F,1,0.9143563
Cc1cc(c(cc1C)OC)c2ccc(cc2)OCCOC,0,0.15542883
Cc1cc(ccc1SC)c2ccc(cc2)OCCOC,0,0.11169356
Cc1ccc2c(c1)ccc(n2)c3cnn(c3)c4ccccc4,0,0.35086906
Cc1c(c2ccccc2cn1)c3ccc(cc3)OCCOC,0,0.401148
COCCOc1ccc(cc1)c2ccc3cc(ccc3c2)N,1,0.79681236
Cc1c2ccccc2c(cn1)c3ccc(cc3)OCCOC,0,0.42175776
c1ccc(cc1)n2cc(cn2)c3c4ccsc4ccn3,1,0.51822835
Cc1c[nH]c2c1cc(cc2)c3cnn(c3)c4ccccc4,0,0.41911688
c1ccc(cc1)n2cc(cn2)c3cccc(c3)c4ncco4,0,0.47756404
Cc1cncc2c1c(ccc2)c3cnn(c3)c4ccccc4,1,0.64121145
COc1ccc(c2c1cc[nH]2)c3cnn(c3)c4ccccc4,0,0.43579906
CC(C)Oc1ccc(cc1c2cnn(c2)c3ccccc3)F,1,0.8917111
c1ccc(cc1)n2cc(cn2)c3ccccc3OC(F)F,0,0.24549527
c1ccc(cc1)n2cc(cn2)c3ccc(cc3)OC(F)F,0,0.27726573
c1ccc(cc1)n2cc(cn2)c3ccc4c(c3F)cc[nH]4,1,0.5536896
CC(C)Oc1ccc(cc1F)c2cnn(c2)c3ccccc3,1,0.7712986
c1ccc(cc1)n2cc(cn2)c3ccc4c(c3)scn4,1,0.78939664
Cc1ccc2c(c1c3cnn(c3)c4ccccc4)cc[nH]2,1,0.7043135
CC(C)Oc1ccc(cc1)c2cnn(c2)c3ccccc3,1,0.84807587
Cc1ccc2cc(ccc2n1)c3cnn(c3)c4ccccc4,0,0.49428755
CC(C)(c1ccnc(c1)c2cnn(c2)c3ccccc3)F,1,0.74450505
c1ccc(cc1)n2cc(cn2)c3cc(c(c(c3F)F)F)F,0,0.114192314
c1ccc(cc1)n2cc(cn2)c3ccc(cc3)c4ccno4,1,0.58505553
c1ccc(cc1)n2cc(cn2)c3cccc4c3ccnc4,1,0.6535911
c1ccc(cc1)n2cc(cn2)c3cccc4c3cccn4,1,0.6550834
c1ccc(cc1)n2cc(cn2)c3cccc(c3)c4cnco4,1,0.5219665
c1ccc(cc1)n2cc(cn2)c3ccc4ccncc4c3,1,0.56440246
c1ccc(cc1)n2cc(cn2)c3cccc4c3occ4,1,0.6077999
c1ccc(cc1)n2cc(cn2)c3cc4cccnc4cc3F,0,0.3012524
c1ccc(cc1)n2cc(cn2)c3cc4cc[nH]c4c(c3)F,0,0.44769928
c1ccc(cc1)n2cc(cn2)c3cccc(c3)C(F)F,0,0.30398133
c1ccc(cc1)n2cc(cn2)c3ccc(c4c3occ4)F,0,0.4183075
Cc1cc(c(cc1F)F)c2cnn(c2)c3ccccc3,0,0.12830348
c1ccc(cc1)n2cc(cn2)c3cncc4c3cccc4,0,0.3754708
c1ccc(cc1)n2cc(cn2)c3ccccc3C(F)F,0,0.2972016
Cc1cc(cc(c1c2cnn(c2)c3ccccc3)C)F,1,0.77164394
c1ccc(cc1)n2cc(cn2)c3cc4ccc(cc4nc3)F,1,0.5920566
c1ccc(cc1)n2cc(cn2)c3ccc(c4c3[nH]cc4)F,0,0.27217326
c1ccc(cc1)n2cc(cn2)c3cccc4c3cncc4,1,0.61255336
c1ccc(cc1)n2cc(cn2)c3ccc(cc3)CF,0,0.33816424
Cc1ccc2cncc(c2c1)c3cnn(c3)c4ccccc4,1,0.6954106
CSc1ccccc1c2cnn(c2)c3ccccc3,1,0.690951
c1ccc(cc1)n2cc(cn2)c3ccc4cccnc4c3,1,0.5764769
c1ccc(cc1)n2cc(cn2)c3cccc(c3)OC4CC4,1,0.709241
Cc1cc(cc(c1c2cnn(c2)c3ccccc3)C)OC,1,0.56769377
c1ccc(cc1)n2cc(cn2)c3cc4cccnc4c(c3)F,1,0.7244237
c1ccc(cc1)n2cc(cn2)c3ccccc3c4ncco4,1,0.6549725
Cc1cc(c(c(c1)C)c2cnn(c2)c3ccccc3)C,0,0.11866612
CC(C)(C)c1ccc(nc1)c2cnn(c2)c3ccccc3,1,0.78965724
c1ccc(cc1)n2cc(cn2)c3c4c(ccn3)ccs4,1,0.56562227
Cc1cc2ccccc2nc1c3cnn(c3)c4ccccc4,1,0.69857496
Cc1cc2ccccc2c(n1)c3cnn(c3)c4ccccc4,1,0.56477445
Cc1ccc2cc(ncc2c1)c3cnn(c3)c4ccccc4,1,0.6760896
Cc1cccc2c1ccnc2c3cnn(c3)c4ccccc4,1,0.6153032
Cc1c(c(ccc1c2cnn(c2)c3ccccc3)OC)C,0,0.44551247
c1ccc(cc1)n2cc(cn2)c3cccc4c3cc[nH]4,1,0.67656016
c1ccc(cc1)n2cc(cn2)c3c(c(cc(c3F)F)F)F,0,0.10815114
c1ccc(cc1)n2cc(cn2)c3ccc4c(c3)cccn4,1,0.5968282
c1ccc(cc1)n2cc(cn2)c3ccc(c4c3cc[nH]4)F,0,0.25100955
Cc1nc2ccc(cc2s1)c3cnn(c3)c4ccccc4,1,0.5348288
c1ccc(cc1)n2cc(cn2)c3ccc(cc3)C(F)F,0,0.31819403
c1ccc(cc1)n2cc(cn2)c3ccc(cc3)c4ccon4,1,0.56422395
c1ccc(cc1)n2cc(cn2)c3ccccc3c4cnco4,1,0.6856585
c1ccc(cc1)n2cc(cn2)c3cc4c(cc[nH]4)cc3F,0,0.06529794
c1ccc(cc1)n2cc(cn2)c3cc(cc4c3[nH]cc4)F,0,0.26647115
c1ccc(cc1)n2cc(cn2)c3cccc(c3)OC(F)F,0,0.26014867
c1ccc(cc1)n2cc(cn2)c3cc(cc4c3cc[nH]4)F,0,0.24843962
c1ccc(cc1)n2cc(cn2)c3ccc(cc3)C4=NCCC4,1,0.64128953
CCc1cc(ccc1c2cnn(c2)c3ccccc3)OC,1,0.6826099
c1ccc(cc1)n2cc(cn2)c3ccc4cccc(c4n3)F,1,0.58160377
c1ccc(cc1)n2cc(cn2)c3c4cccc(c4ccn3)F,1,0.63444394
c1ccc(cc1)n2cc(cn2)c3ccc4cc(ccc4n3)F,1,0.63265103
CC(C)(C)c1ccnc(c1)c2cnn(c2)c3ccccc3,1,0.78927684
c1ccc(cc1)n2cc(cn2)c3ccc4c(n3)ccs4,1,0.58046865
c1ccc(cc1)n2cc(cn2)c3cc4ccsc4cn3,0,0.34913832
CC(C)(C)Oc1cccc(n1)c2cnn(c2)c3ccccc3,1,0.50442356
c1ccc(cc1)n2cc(cn2)c3ccc4cc[nH]c4c3,0,0.3360109
c1ccc(cc1)n2cc(cn2)c3c4cc(ccc4ccn3)F,1,0.6360869
CSc1cccc(c1)c2cnn(c2)c3ccccc3,1,0.57442945
Cc1nc2cc(ccc2s1)c3cnn(c3)c4ccccc4,1,0.5323312
CCc1cc2c(o1)ccnc2c3cnn(c3)c4ccccc4,0,0.48772693
CC(C)c1ccc(nc1)c2cnn(c2)c3ccccc3,1,0.83303136
CC(C)Oc1cccc(c1)c2cnn(c2)c3ccccc3,1,0.8465816
c1ccc(cc1)n2cc(cn2)c3ccc4c(c3)cco4,1,0.65181243
c1ccc(cc1)n2cc(cn2)c3ccc(cc3)c4cnco4,1,0.5465079
c1ccc(cc1)n2cc(cn2)c3cccc4c3[nH]cc4,1,0.6060973
c1ccc(cc1)n2cc(cn2)c3cccc4c3ncs4,1,0.5928282
CCc1nc2cc(ccc2o1)c3cnn(c3)c4ccccc4,1,0.7362014
c1ccc(cc1)n2cc(cn2)c3c4ccccc4c(cn3)F,1,0.72519344
CSc1ccc(cc1)c2cnn(c2)c3ccccc3,1,0.6014209
c1ccc(cc1)n2cc(cn2)c3ccc4cnccc4c3,1,0.5347329
CCSc1ccnc(c1)c2cnn(c2)c3ccccc3,1,0.7078917
c1ccc(cc1)n2cc(cn2)c3ccc4c(c3)ncs4,1,0.64199716
c1ccc(cc1)n2cc(cn2)c3ccc4ccc(cc4n3)F,1,0.6144257
Cc1cnc(c2c1cccc2)c3cnn(c3)c4ccccc4,1,0.7610185
Cc1cc2c(s1)ccnc2c3cnn(c3)c4ccccc4,0,0.37293825
c1ccc(cc1)n2cc(cn2)c3cc4ccccc4cn3,1,0.5145419
Cc1ccc(c2c1nc(c(c2)C)c3cnc(cc3C)OC)F,1,0.6735192
Cc1cc(ncc1c2c(cccn2)c3ccccc3)OC,1,0.72663116
c1ccc(cc1)n2cc(cn2)c3cc4ccc(cc4cn3)F,1,0.6161011
Cc1cccc2c1c(ncc2)c3cnn(c3)c4ccccc4,0,0.49655715
Cc1ccc2c(c1)ccnc2c3cnn(c3)c4ccccc4,1,0.57389903
c1ccc(cc1)n2cc(cn2)c3c4ccccc4ccn3,1,0.50876653
c1ccc(cc1)n2cc(cn2)c3cc4cc(ccc4cn3)F,1,0.6186781
CC(C)c1cccc(n1)c2cnn(c2)c3ccccc3,1,0.8218602
Cc1cc(c2c(c1)ccc(n2)c3cnc(cc3C)OC)C,0,0.25220096
Cc1ccc2ccnc(c2c1)c3cnn(c3)c4ccccc4,1,0.6928869
c1ccc(cc1)n2cc(cn2)c3c4ccc(cc4ccn3)F,1,0.6325878
Cc1csc2c1nc(cc2)c3cnn(c3)c4ccccc4,0,0.25323084
Cc1cc(ncc1c2cc(ccn2)c3cccs3)OC,0,0.31995586
Cc1ccc(cc1)c2ccnc(c2)c3cnc(cc3C)OC,0,0.42240906
CC1(Oc2ccc(cc2O1)c3cnn(c3)c4ccccc4)C,0,0.21255636
c1ccc(cc1)n2cc(cn2)c3cc4c(cccc4F)nc3,0,0.14252624
Cc1nc2cccc(c2s1)c3cnn(c3)c4ccccc4,1,0.53988594
Cc1c[nH]c2c1c(ccc2)c3cnn(c3)c4ccccc4,0,0.44183245
c1ccc(cc1)n2cc(cn2)c3cccc4c3c(c[nH]4)F,0,0.38463864
Cc1cc2c(cc[nH]2)cc1c3cnn(c3)c4ccccc4,0,0.44990972
c1ccc(cc1)n2cc(cn2)c3ccccc3C4CC4,1,0.7779172
c1ccc(cc1)n2cc(cn2)c3cncc4c3cccc4F,0,0.20852168
Cc1c(ccc(c1F)c2cnn(c2)c3ccccc3)F,0,0.29116544
c1ccc(cc1)n2cc(cn2)c3cccc4c3ncc(c4)F,0,0.4975251
c1ccc(cc1)n2cc(cn2)c3ccc(c4c3nccc4)F,0,0.26087952
CCOCc1ccc(cc1)c2cnn(c2)c3ccccc3,1,0.8663938
C=Cc1ccc(cc1c2cnn(c2)c3ccccc3)F,1,0.7610615
COc1cc2cc[nH]c2cc1c3cnn(c3)c4ccccc4,1,0.72167975
c1ccc(cc1)n2cc(cn2)c3c(ccc4c3nccc4)F,0,0.30823508
c1ccc(cc1)n2cc(cn2)c3ccccc3OC4CC4,1,0.76585346
Cc1ccc2c(cccc2n1)c3cnn(c3)c4ccccc4,1,0.50438935
COc1ccc2c(c1c3cnn(c3)c4ccccc4)cc[nH]2,1,0.7649754
c1ccc(cc1)n2cc(cn2)c3cc4cc[nH]c4cc3F,0,0.121065184
c1ccc(cc1)n2cc(cn2)c3ccc(cc3)N4CCCC4,1,0.586924
Cc1cc(ncc1c2c(ncc(n2)C(C)C)C(C)C)OC,0,0.2720083
Cc1ccc2c(cc(nc2c1)c3cnc(cc3C)OC)C,1,0.55354565
c1ccc(cc1)n2cc(cn2)c3cc4cc(ccc4nc3)F,1,0.6075452
Cc1ccc(c2c1cccn2)c3cnn(c3)c4ccccc4,1,0.5281126
c1ccc(cc1)n2cc(cn2)c3ccc4c(c3)C=CC4,1,0.76084113
Cc1cc2cccnc2c(c1)c3cnn(c3)c4ccccc4,1,0.74474275
c1ccc(cc1)n2cc(cn2)c3ccc4c(c3)CC=C4,1,0.77262455
c1ccc(cc1)n2cc(cn2)c3ccc4ccoc4c3,1,0.51414514
Cc1nc2c(cccc2s1)c3cnn(c3)c4ccccc4,1,0.52519023
c1ccc(cc1)n2cc(cn2)c3ccccc3OC4CCC4,1,0.75132775
Cc1cc(c2c(c1c3cnn(c3)c4ccccc4)cc[nH]2)F,1,0.7363829
Cc1ccc(c2c1nccc2)c3cnn(c3)c4ccccc4,1,0.56484354
CC(C)Oc1ccccc1c2cnn(c2)c3ccccc3,1,0.8439697
CCOc1cccc(c1c2cnn(c2)c3ccccc3)F,1,0.86306965
CSc1cc(cc(c1)F)c2cnn(c2)c3ccccc3,0,0.16347973
COc1cc(cc2c1occ2)c3cnn(c3)c4ccccc4,0,0.41214395
CC(C)(C)c1cc(ccn1)c2cnn(c2)c3ccccc3,1,0.7290192
CSCc1cccc(c1)c2cnn(c2)c3ccccc3,1,0.7164165
c1ccc(cc1)n2cc(cn2)c3ccc(cc3)OC4CC4,1,0.72119653
Cc1cc(cnc1OC(C)C)c2cnn(c2)c3ccccc3,1,0.5063981
CSc1ccc(cc1c2cnn(c2)c3ccccc3)F,1,0.8066848
Cc1ccc(c2c1cc[nH]2)c3cnn(c3)c4ccccc4,0,0.4085123
Cc1ccnc2c1cc(cc2)c3cnn(c3)c4ccccc4,1,0.62085986
Cc1cc(cc(c1F)F)c2cnn(c2)c3ccccc3,0,0.13068998
COc1cc(c2cc[nH]c2c1)c3cnn(c3)c4ccccc4,0,0.4015307
CO/C=C/c1ccc(cc1)c2cnn(c2)c3ccccc3,1,0.6543935
Cc1c(c(ccc1c2cnn(c2)c3ccccc3)F)C,0,0.35397708
Cc1ccc(c2c1[nH]cc2)c3cnn(c3)c4ccccc4,0,0.40979478
c1ccc(cc1)n2cc(cn2)c3cc4c(cc[nH]4)c(c3)F,0,0.29443908
Cc1ccc2cccnc2c1c3cnn(c3)c4ccccc4,1,0.7178681
Cc1cc2ccc(cc2[nH]1)c3cnn(c3)c4ccccc4,0,0.30308148
Cc1cc(ncc1c2c3cc(ccc3ncn2)C(C)C)OC,1,0.5178526
Cc1cc(c2cccnc2c1)c3cnn(c3)c4ccccc4,1,0.6945308
c1ccc(cc1)n2cc(cn2)c3cncc4c3ccc(c4)F,0,0.3201687
CC(C)(C)c1cccc(n1)c2cnn(c2)c3ccccc3,1,0.7762376
Cc1cc(c(nc1)OC(C)C)c2cnn(c2)c3ccccc3,0,0.24419138
c1ccc(cc1)n2cc(cn2)c3ccc4c(c3)csn4,1,0.6841844
c1ccc(cc1)n2cc(cn2)c3cccc(c3)N4CCCC4,1,0.5835576
Cc1c(ccc2c1[nH]cc2)c3cnn(c3)c4ccccc4,0,0.41069233
Cc1cc(c(cc1c2cnn(c2)c3ccccc3)F)F,1,0.591887
Cc1c(ccc(n1)OC(C)C)c2cnn(c2)c3ccccc3,0,0.28042665
c1ccc(cc1)n2cc(cn2)c3cccc(c3)OC4CCC4,1,0.6787523
COc1cc(cc2c1cc[nH]2)c3cnn(c3)c4ccccc4,0,0.4406252
Cc1cc2c(cccc2[nH]1)c3cnn(c3)c4ccccc4,0,0.2892073
c1ccc(cc1)n2cc(cn2)c3ccc(c4c3ccnc4)F,0,0.37300315
CC(C)(C)c1ccc(cn1)c2cnn(c2)c3ccccc3,1,0.74649787
c1ccc(cc1)n2cc(cn2)c3cc4cccc(c4nc3)F,1,0.56081784
c1ccc(cc1)n2cc(cn2)c3ccc(c4c3cccn4)F,0,0.39623174
Cc1c(c(cc(c1F)F)c2cnn(c2)c3ccccc3)F,0,0.06774012
Cc1c(cc(cc1F)c2cnn(c2)c3ccccc3)F,0,0.29535508
Cc1ccc2cnccc2c1c3cnn(c3)c4ccccc4,1,0.7279418
Cc1ccc2ccc(cc2n1)c3cnn(c3)c4ccccc4,0,0.48337284
Cc1ccc2c(c1)c(ccn2)c3cnn(c3)c4ccccc4,0,0.3573273
Cc1c(ccc2c1nccc2)c3cnn(c3)c4ccccc4,1,0.58095896
CCOc1cc(ccc1F)c2cnn(c2)c3ccccc3,1,0.6648165
Cc1cccc2c1nccc2c3cnn(c3)c4ccccc4,1,0.62577873
c1ccc(cc1)n2cc(cn2)c3cc(cc4c3nccc4)F,0,0.2778883
CC(C)c1ccc(cn1)c2cnn(c2)c3ccccc3,1,0.80959773
Cc1cc(cc2c1nccc2)c3cnn(c3)c4ccccc4,1,0.575023
Cc1cc2c(cccn2)cc1c3cnn(c3)c4ccccc4,1,0.7345089
CCOc1cc(cc(c1)F)c2cnn(c2)c3ccccc3,0,0.47397646
Cc1cc(cc(c1c2cnn(c2)c3ccccc3)C)N(C)C,0,0.42304993
c1ccc(cc1)n2cc(cn2)c3cc4cnccc4cc3F,0,0.24945451
c1ccc(cc1)n2cc(cn2)c3ccc4csnc4c3,0,0.36528417
c1ccc(cc1)n2cc(cn2)c3cccc4c3CC=C4,1,0.8048654
c1ccc(cc1)n2cc(cn2)c3ccnc4c3cccc4F,0,0.23119906
c1ccc(cc1)n2cc(cn2)c3cccc4c3scn4,1,0.68275195
c1ccc(cc1)n2cc(cn2)c3ccc4cc(cnc4c3)F,1,0.53735596
c1ccc(cc1)n2cc(cn2)c3ccc4cnsc4c3,1,0.50528806
c1ccc(cc1)n2cc(cn2)c3cccc4c3cco4,1,0.6724118
Cc1cc(c2cc[nH]c2c1)c3cnn(c3)c4ccccc4,0,0.4706011
Cc1cc(ncc1c2cc(nc(n2)C)C3CCCCC3)OC,0,0.4705803
Cc1cc(ncc1c2cc(nc(n2)C(C)(C)C)C(C)C)OC,0,0.23280157
Cc1cc(ncc1c2cc(nc(n2)C(C)C)C(C)(C)C)OC,0,0.23933153
Cc1c[nH]c2c1ccc(c2)c3cnn(c3)c4ccccc4,0,0.3940158
Cc1cc(ncc1c2cc(nc(n2)C(C)C)C(C)C)OC,0,0.2666148
c1ccc(cc1)n2cc(cn2)c3ccnc4c3cc(cc4)F,0,0.32177603
Cc1c[nH]c2c1cccc2c3cnn(c3)c4ccccc4,1,0.62772924
CC(C)(C)Oc1ccc(nc1)c2cnn(c2)c3ccccc3,0,0.4860395
c1ccc(cc1)n2cc(cn2)c3ccc4c(c3)cc(cn4)F,0,0.48109144
c1ccc(cc1)n2cc(cn2)c3ccc(cc3)c4ncco4,1,0.5011928
Cc1cc(c(cc1F)c2cnn(c2)c3ccccc3)F,0,0.26663226
Cc1cc(c2ccccc2n1)c3cnn(c3)c4ccccc4,1,0.5552875
Cc1ccnc2c1ccc(c2)c3cnn(c3)c4ccccc4,1,0.59912616
Cc1cncc2c1cccc2c3cnn(c3)c4ccccc4,1,0.69174576
Cc1c(ccc(c1F)F)c2cnn(c2)c3ccccc3,0,0.1358349
COc1ccc(c2c1[nH]cc2)c3cnn(c3)c4ccccc4,0,0.4070011
c1ccc(cc1)n2cc(cn2)c3c4c(cccc4F)ccn3,0,0.1252891
Cn1ccc2c1ccc(c2)c3cnn(c3)c4ccccc4,1,0.5484203
CSc1ccc(c(c1)F)c2cnn(c2)c3ccccc3,0,0.15514667
Cc1cc2cc[nH]c2cc1c3cnn(c3)c4ccccc4,1,0.7316567
CCOc1ccc(c(c1)C)c2cnn(c2)c3ccccc3,1,0.69335747
Cc1cc2cc(ccc2[nH]1)c3cnn(c3)c4ccccc4,0,0.29543358
c1ccc(cc1)n2cc(cn2)c3ccc(cc3)OC4CCC4,1,0.69096905
Cc1c([nH]c2c1cc(cn2)c3cnn(c3)c4ccccc4)C,0,0.11919409
CC(C)Oc1cc(ccc1c2cnn(c2)c3ccccc3)F,1,0.8846048
CSc1ccc(cc1F)c2cnn(c2)c3ccccc3,0,0.33839878
c1ccc(cc1)n2cc(cn2)c3cc(cc(c3)[S-])[S-],1,0.91761756
CC(C)Sc1ccc(cn1)c2cnn(c2)c3ccccc3,1,0.7601253
CCOc1ccc(c(c1)c2cnn(c2)c3ccccc3)C,1,0.5537136
Cc1ccc2c(ccnc2c1)c3cnn(c3)c4ccccc4,1,0.6568086
Cc1cc(c(cc1C)OC)c2cnn(c2)c3ccccc3,0,0.3552642
c1ccc(cc1)n2cc(cn2)c3cc4ccsc4nc3,0,0.36417523
C=Cc1cc(cc(c1)F)c2cnn(c2)c3ccccc3,0,0.21136613
Cc1cc2cc(ccc2cn1)c3cnn(c3)c4ccccc4,1,0.5801206
Cc1cc(cc(c1c2cnn(c2)c3ccccc3)C)COC,1,0.6503942
c1ccc(cc1)n2cc(cn2)c3cc4ccoc4c(c3)F,1,0.64338976
Cc1cc2ccc(cc2nc1)c3cnn(c3)c4ccccc4,1,0.58543617
CCOc1ccc(cc1c2cnn(c2)c3ccccc3)F,1,0.8671196
CSc1cccc(c1F)c2cnn(c2)c3ccccc3,0,0.31623372
Cc1c2ccccc2c(cn1)c3cnn(c3)c4ccccc4,1,0.63974684
c1ccc(cc1)n2cc(cn2)c3ccc4cc(ccc4c3)N,1,0.5425502
CC(C)(C)Oc1ccnc(c1)c2cnn(c2)c3ccccc3,0,0.42935172
Cc1c(c2ccccc2cn1)c3cnn(c3)c4ccccc4,1,0.6325619
CCOc1ccc(cc1c2cnn(c2)c3ccccc3)C,1,0.7249163
Cc1cc(cc2c1[nH]cc2)c3cnn(c3)c4ccccc4,0,0.40888742
Cc1c(cncc1C2CC2)c3cnn(c3)c4ccccc4,0,0.40449932
CCCOc1ccc(cc1c2cnn(c2)c3ccccc3)F,1,0.89843357
CCOc1cc(ccc1c2cnn(c2)c3ccccc3)F,1,0.8683566
CC(C)Oc1c(cccc1F)c2cnn(c2)c3ccccc3,1,0.72249424
CC(C)Oc1cccc(c1F)c2cnn(c2)c3ccccc3,1,0.76719224
C=Cc1cc(ccc1c2cnn(c2)c3ccccc3)F,1,0.76158255
CSc1c(cccc1F)c2cnn(c2)c3ccccc3,0,0.3428054
COc1ccc(cc1SC)c2cnn(c2)c3ccccc3,0,0.41942248
CCOc1c(cccc1F)c2cnn(c2)c3ccccc3,1,0.6672336
Cc1cc(ncc1c2cnn(c2)c3ccccc3)OC(C)C,1,0.51803976
CC(C)Oc1cc(ccc1F)c2cnn(c2)c3ccccc3,1,0.76103806
Cc1cc(cc2c1cc[nH]2)c3cnn(c3)c4ccccc4,0,0.415381
CCOc1ccc(cc1F)c2cnn(c2)c3ccccc3,1,0.6430734
CCOc1cc(ccc1c2cnn(c2)c3ccccc3)C,1,0.7275438
c1ccc(cc1)n2cc(cn2)c3cc4ccncc4cc3F,0,0.2812366
Cc1cc(c(c(c1)c2cnn(c2)c3ccccc3)OC)C,0,0.1978279
CCCOc1cc(ccc1c2cnn(c2)c3ccccc3)F,1,0.8979891
c1ccc(cc1)n2cc(cn2)c3cccc(c3)C4=NCCC4,1,0.63816345
CSc1cc(ccc1F)c2cnn(c2)c3ccccc3,0,0.3506945
C=COc1ccc(cc1)c2cnn(c2)c3ccccc3,1,0.63695246
CCOc1ccc(c(c1)F)c2cnn(c2)c3ccccc3,0,0.44676614
Cc1c(ccc(c1c2cnn(c2)c3ccccc3)F)F,1,0.6323002
Cc1ccc2c(c1)cc(cn2)c3cnn(c3)c4ccccc4,0,0.34322113
Cc1cc(ncc1c2ccc(cc2)CC(F)(F)F)OC,0,0.10926987
Cc1ccc(cc1c2cnc(cc2C)OC)OC(C)C,0,0.27501148
Cc1cc(ncc1c2ccnc(c2)Oc3ccccc3)OC,1,0.5443428
Cc1cc(ncc1c2cccnc2Oc3ccccc3)OC,1,0.56733036
Cc1cc(ncc1c2cc(cnc2F)c3ccccc3)OC,1,0.55896
Cc1cc(ncc1c2cc(c(c(c2)F)OC(C)C)F)OC,0,0.21506478
Cc1cc(ncc1c2cccc3c2cccc3OC)OC,0,0.45674777
CCCOc1c(cc(cc1F)c2cnc(cc2C)OC)F,1,0.72481936
CCCn1c(cc(n1)C)c2c3ccccc3cc(n2)C,1,0.7554971
CCCn1c(cc(n1)C)c2ccc3cc(cc(c3n2)F)F,1,0.8639821
CCCn1c(cc(n1)C)c2nc(cc(n2)c3ccccc3)C,0,0.3327482
CCCn1c(cc(n1)C)c2cc(c3ccc(cc3n2)OC)C,1,0.7120679
CCCn1c(cc(n1)C)c2ccc3cc(ccc3n2)C,1,0.8259947
CCCn1c(cc(n1)C)c2ccc3cccc(c3n2)C,1,0.8053291
Cc1cc(c(c(c1C)c2cnc(cc2C)OC)C)C,0,0.28664297
Cc1cc(ncc1c2c(cccc2F)C(F)(F)F)OC,0,0.06379913
CCCn1c(cc(n1)C)c2cc(nc(n2)C)c3ccccc3,1,0.76290816
Cc1cc(ncc1c2cc3c(c[nH]c3nc2)C(C)C)OC,0,0.28717303
CCCn1c(cc(n1)C)c2cc(c3cccc(c3n2)C)C,1,0.75984854
Cc1cc(ncc1c2ccc3ccccc3c2OC)OC,0,0.47087938
Cc1cc(ccc1C(F)(F)F)c2cnc(cc2C)OC,0,0.07014871
Cc1cc(ncc1c2cc(cnc2)c3ccccc3)OC,1,0.73441136
Cc1cc(ncc1c2ccc(c(c2)F)C(F)(F)F)OC,0,0.109687835
Cc1cc(ncc1c2ccccc2C[NH+]3CCCCC3)OC,0,0.29303864
Cc1ccc(cc1c2cnc(cc2C)OC)C(F)(F)F,0,0.17821616
Cc1cc(ncc1c2ccc(cc2C(F)(F)F)OC)OC,0,0.10616805
CCCn1c(cc(n1)C)c2c(cc3cc(ccc3n2)OC)C,1,0.7146287
CCCn1c(cc(n1)C)c2ccc3c(n2)c(cs3)C,1,0.570511
CCCn1c(cc(n1)C)c2c3cccc(c3ccn2)C,1,0.7717684
Cc1ccc(c(c1)C(F)(F)F)c2cnc(cc2C)OC,0,0.0746574
CCCn1c(cc(n1)C)c2c3ccccc3c(cn2)C,1,0.76501834
Cc1cc(ncc1c2cccc(c2C(F)(F)F)F)OC,0,0.073356695
CCCn1c(cc(n1)C)c2c(cccn2)c3ccccc3,1,0.8878534
CCCn1c(cc(n1)C)c2cc(c3cc(ccc3n2)OC)C,1,0.7183013
CCCn1c(cc(n1)C)c2ccc(cn2)c3ccccc3,1,0.89726245
CCSc1ccc(cc1)c2cnc(cc2C)OC,0,0.47021687
Cc1cc(ncc1c2ccc(cc2)C(C)(F)F)OC,0,0.16810411
CCCn1c(cc(n1)C)c2cc(c3ccccc3n2)C,1,0.821988
CCCn1c(cc(n1)C)c2cc(nc(n2)c3ccccc3)C,0,0.435768
CCCn1c(cc(n1)C)c2c3cc(ccc3ccn2)C,1,0.7791193
CCCn1c(cc(n1)C)c2cc(ccn2)c3cccs3,1,0.8335155
Cc1cc(ncc1c2cc(cnc2)c3ccc(cc3)F)OC,1,0.5682659
Cc1cc(ncc1c2cccc3c2CC(=C3)C)OC,1,0.667784
Cc1cc(ncc1c2cc(cc(c2)OC)C(F)(F)F)OC,0,0.13712601
CCCCOc1cc(ccc1c2cnc(cc2C)OC)F,1,0.748222
Cc1cc(ncc1c2ccc3cc(ccc3c2)F)OC,1,0.69225544
CCCn1c(cc(n1)C)c2cc(ccn2)c3ccccc3,1,0.89493454
Cc1cc(ncc1c2ccc3c(c2)ccs3)OC,0,0.44082257
Cc1ccc(c(c1)c2cnc(cc2C)OC)C(F)(F)F,0,0.19573502
Cc1ccc(cc1C(F)(F)F)c2cnc(cc2C)OC,0,0.06706339
CCCn1c(cc(n1)C)c2c(cc3ccccc3n2)C,1,0.81720805
CCCn1c(cc(n1)C)c2c3ccc(cc3ccn2)C,1,0.78057295
Cc1cc(ncc1c2ccc3ccsc3c2)OC,0,0.31375545
CCCn1c(cc(n1)C)c2c3cc(sc3ccn2)C,1,0.66012466
CCCn1c(cc(n1)C)c2cc3ccc(cc3cn2)C,1,0.8075854
Cc1cc(ncc1c2cccc(c2C)C(F)(F)F)OC,0,0.115016945
Cc1cccc(c1C(F)(F)F)c2cnc(cc2C)OC,0,0.0631176
Cc1cc(cc(c1)C(F)(F)F)c2cnc(cc2C)OC,0,0.08140376
Cc1cc(ccc1c2cnc(cc2C)OC)OC(F)(F)F,0,0.19104362
Cc1cc(ncc1c2ccc(cc2OC)C(F)(F)F)OC,0,0.0953841
CCCn1c(cc(n1)C)c2ccc(nn2)c3cccc(c3)C,1,0.54488826
CCCn1c(cc(n1)C)c2c3cc(ccc3ncn2)C(C)C,1,0.6027508
CCCn1c(cc(n1)C)c2ccc3c(n2)cc([nH]3)C4CC4,1,0.6875482
CCCn1c(cc(n1)C)c2c(ncc(n2)C(C)C)C(C)C,0,0.27899775
CCCn1c(cc(n1)C)c2cc(nc(n2)C)C3CCCCC3,1,0.7282362
CCCn1c(cc(n1)C)c2cc(c3ccc(cc3n2)C)C,1,0.76961875
CCCn1c(cc(n1)C)c2ccc(nn2)c3ccccc3C,0,0.35539994
CCCn1c(cc(n1)C)c2ccc(nn2)c3ccc(cc3)C,1,0.5746572
CCCn1c(cc(n1)C)c2cccnc2Oc3ccccc3,1,0.89828706
CCCn1c(cc(n1)C)c2c(cccc2F)C(F)(F)F,0,0.26343152
CCCn1c(cc(n1)C)c2cc(c(c(c2)F)OC(C)C)F,1,0.60040605
CCCn1c(cc(n1)C)c2cccc(c2F)C(F)(F)F,0,0.29668325
CCCn1c(cc(n1)C)c2ccc3cc(cc(c3n2)C)C,1,0.76389533
CCCn1c(cc(n1)C)c2ccc(cc2C(F)(F)F)F,0,0.2893129
CCCn1c(cc(n1)C)c2ccc3c(c2)sc(n3)C,1,0.67870486
CCCn1c(cc(n1)C)c2cc(cnc2F)c3ccccc3,1,0.88344514
CCCn1c(cc(n1)C)c2ccc(cc2C(F)(F)F)OC,0,0.2058739
CCCn1c(cc(n1)C)c2cccc3c2scc3,1,0.94954634
CCCn1c(cc(n1)C)c2cc3c(c[nH]c3nc2)C(C)C,0,0.29343495
CCCn1c(cc(n1)C)c2cccc(c2)OC(C)C,1,0.60685015
CCCn1c(cc(n1)C)c2ccnc(c2)Oc3ccccc3,1,0.8547586
CCCn1c(cc(n1)C)c2ccc(c(c2)C(F)(F)F)OC,0,0.22249584
CCCn1c(cc(n1)C)c2ccc3cc(ccc3c2)OC,1,0.8577858
CCCn1c(cc(n1)C)c2ccc(cc2)CC(F)(F)F,0,0.43569216
CCCn1c(cc(n1)C)c2cccc(c2)OC(F)(F)F,1,0.5123989
CCCn1c(cc(n1)C)c2ccc(cc2F)C(F)(F)F,0,0.29505974
CCCn1c(cc(n1)C)c2ccc3ccccc3c2,1,0.90948516
CCCn1c(cc(n1)C)c2ccc(cc2)C[NH+]3CCCCC3,1,0.8215429
CCCn1c(cc(n1)C)c2cccc(c2)n3cccc3,1,0.81848294
CCCn1c(cc(n1)C)c2ccc(cc2)C(C)(F)F,1,0.6052783
CCCn1c(cc(n1)C)c2ccccc2OC(F)(F)F,0,0.38984695
CCCn1c(cc(n1)C)c2cc(ccc2C(F)(F)F)F,0,0.28094468
CCCn1c(cc(n1)C)c2cc(ccc2F)C(F)(F)F,0,0.28375307
CCCn1c(cc(n1)C)c2cc(ccc2C)OC(C)C,1,0.68457
CCCn1c(cc(n1)C)c2ccccc2C(F)F,1,0.6480552
CCCn1c(cc(n1)C)c2ccc(cc2)C(F)F,1,0.70330364
CCCn1c(cc(n1)C)c2c(ccc3c2cc[nH]3)C,0,0.42686582
CCCn1c(cc(n1)C)c2cccc(c2)C(F)(F)F,0,0.47407466
CCCn1c(cc(n1)C)c2cc(cc(c2)F)C(F)(F)F,0,0.2908581
CCCn1c(cc(n1)C)c2ccc(cc2)OC(C)(C)C,1,0.50580794
CCCn1c(cc(n1)C)c2ccc(cc2)OC(C)C,1,0.6127626
CCCn1c(cc(n1)C)c2cccc(c2C(F)(F)F)F,0,0.2911252
CCCn1c(cc(n1)C)c2cccc3c2cccc3OC,1,0.87621486
CCCn1c(cc(n1)C)c2ccc(cc2)C3=CCOCC3,1,0.89726985
CCCn1c(cc(n1)C)c2ccc(c(c2)F)C(F)(F)F,0,0.2927583
CCCn1c(cc(n1)C)c2ccc(c(c2)C(F)(F)F)F,0,0.27415755
CCCn1c(cc(n1)C)c2ccc3c(c2)c(c[nH]3)C,0,0.33403718
CCCn1c(cc(n1)C)c2ccc(cc2)OC(F)(F)F,1,0.51946265
CCCn1c(cc(n1)C)c2cc(c(c(c2)F)OCCC)F,1,0.569447
CCCn1c(cc(n1)C)c2ccc(cc2)c3ccccn3,1,0.90886986
CCCn1c(cc(n1)C)c2ccc(cc2)SCC,1,0.855983
CCCn1c(cc(n1)C)c2ccccc2C[NH+]3CCCCC3,1,0.8302906
CCCn1c(cc(n1)C)c2cc(nc3c2cccc3)C,1,0.8157811
CCCn1c(cc(n1)C)c2ccc(c(c2)F)OC(C)C,0,0.4537537
CCCn1c(cc(n1)C)c2ccc(cc2)c3cccnc3,1,0.9201108
CCCn1c(cc(n1)C)c2c(ccc3c2nccc3)C,1,0.7960855
CCCn1c(cc(n1)C)c2ccc(nc2)Oc3ccccc3,1,0.8693223
CCCn1c(cc(n1)C)c2ccc3cc([nH]c3c2)C,1,0.6492376
CCCn1c(cc(n1)C)c2cccc(n2)N3CCCC[C@@H]3C,0,0.46335298
CCCn1c(cc(n1)C)c2cccc(n2)N3CCCC[C@H]3C,0,0.4295438
CCCn1c(cc(n1)C)c2ccc(c3c2cccc3)OC,1,0.89096826
CCCn1c(cc(n1)C)c2ccc(c(c2)OC(F)F)F,1,0.52766776
CCCn1c(cc(n1)C)c2ccnc(c2)c3ccccc3,1,0.8994675
CCCn1c(cc(n1)C)c2ccc(cc2C)OC(F)(F)F,1,0.5142517
CCCn1c(cc(n1)C)c2c(cc3c(c2F)cccn3)F,1,0.8110522
CCCn1c(cc(n1)C)c2ccc(nn2)c3ccc(s3)C,0,0.39050847
CCCn1c(cc(n1)C)c2c3cc[nH]c3nc(n2)[C@H](C)CC,0,0.2900802
CCCn1c(cc(n1)C)c2c3cc[nH]c3nc(n2)[C@@H](C)CC,0,0.27731782
CCCn1c(cc(n1)C)c2ccc3c(c2)nc(s3)C,1,0.549233
CCCn1c(cc(n1)C)c2ccc(c(c2)F)SC,1,0.8052553
CCCn1c(cc(n1)C)c2ccc3c(c2)c(c([nH]3)C)C,0,0.27279162
CCCn1c(cc(n1)C)c2cc(ccc2OC(F)(F)F)C,0,0.16671465
CCCn1c(cc(n1)C)c2ccnc3c2cc(cc3)C,1,0.81159353
CCCn1c(cc(n1)C)c2cc(ccc2OC)C(F)(F)F,0,0.4201077
CCCn1c(cc(n1)C)c2c(cccc2F)OC(F)F,1,0.5650801
CCCn1c(cc(n1)C)c2cccc3c2c(cnc3)C,1,0.81361216
CCCn1c(cc(n1)C)c2cc(nc(n2)C(C)C)C(C)C,0,0.2887896
CCCn1c(cc(n1)C)c2cc(cc3c2nccc3)C,1,0.8073023
CCCn1c(cc(n1)C)c2ccc(cc2)OCCC,1,0.6686726
CCCn1c(cc(n1)C)c2cccc(c2)CSC,1,0.84225976
CCCn1c(cc(n1)C)c2ccncc2c3ccccc3,1,0.87040013
CCCn1c(cc(n1)C)c2cccc3c2nc(s3)C,1,0.57682115
CCCn1c(cc(n1)C)c2cccc3c2[nH]cc3C,1,0.66840154
CCCn1c(cc(n1)C)c2ccc3c(c2)c(ccn3)C,1,0.729859
CCCn1c(cc(n1)C)c2ccc3ccccc3c2OC,1,0.8601943
CCCn1c(cc(n1)C)c2ccc(cc2F)OC(F)F,1,0.61025524
CCCn1c(cc(n1)C)c2cccc(c2)N3CCCCC3,1,0.8266767
CCCn1c(cc(n1)C)c2cc3c(cc[nH]3)cc2C,0,0.21554908
CCCn1c(cc(n1)C)c2cc(ccc2OC(C)C)F,1,0.7581127
CCCn1c(cc(n1)C)c2cccc(n2)c3ccccc3,1,0.90217704
CCCn1c(cc(n1)C)c2ccc(nc2)c3ccccc3,1,0.9037518
CCCn1c(cc(n1)C)c2ccc(c(c2)F)OC(F)F,1,0.6049258
CCCn1c(cc(n1)C)c2ccc(c3c2occ3)F,1,0.91040075
CCCn1c(cc(n1)C)c2cc(cnc2)c3ccccc3,1,0.8950232
CCCn1c(cc(n1)C)c2cccc3c2CC(=C3)C,1,0.78094405
CCCn1c(cc(n1)C)c2ccc3c(c2)sc(=S)[nH]3,1,0.8998988
CCCn1c(cc(n1)C)c2cc(nc(n2)c3ccsc3)C,0,0.368372
CCCn1c(cc(n1)C)c2ccc3c(c2)cc([nH]3)C,0,0.37309685
CCCn1c(cc(n1)C)c2cc(nc3c2cccc3OC)C,1,0.80572206
CCCn1c(cc(n1)C)c2ccnc3c2cc([nH]3)C4CC4,1,0.69370925
CCCn1c(cc(n1)C)c2ccc3ccc(nc3c2)C,1,0.80395985
CCCn1c(cc(n1)C)c2cccc(c2)OC3CCC3,1,0.8570974
CCCn1c(cc(n1)C)c2cc3cccnc3cc2C,1,0.5855313
CCCn1c(cc(n1)C)c2ccccc2OC3CCC3,1,0.8850471
CCCn1c(cc(n1)C)c2ccc(c3c2nccc3)C,1,0.8080677
CCCn1c(cc(n1)C)c2c(cccc2OC)C(F)(F)F,0,0.4030614
CCCn1c(cc(n1)C)c2cc(cc3c2cccn3)C,1,0.8224352
CCCn1c(cc(n1)C)c2cccnc2c3ccccc3,1,0.8785908
CCCn1c(cc(n1)C)c2ccc3cccnc3c2C,1,0.6996057
CCCn1c(cc(n1)C)c2cc(cnc2)c3ccc(cc3)F,1,0.91234887
CCCn1c(cc(n1)C)c2ccccc2C(C)(F)F,1,0.62447184
CCCn1c(cc(n1)C)c2cc(cc(c2)OC)C(F)(F)F,0,0.41878456
CCCn1c(cc(n1)C)c2cccc(c2)C[NH+]3CCCCC3,1,0.8247854
CCCn1c(cc(n1)C)c2ccc(cc2OC(F)F)F,1,0.5079009
CCCn1c(cc(n1)C)c2cc3cc[nH]c3cc2C,0,0.35925072
CCCn1c(cc(n1)C)c2c(ccc3c2ccnc3)C,1,0.8162359
CCCn1c(cc(n1)C)c2cccc3c2c(c[nH]3)C,0,0.40377954
CCCn1c(cc(n1)C)c2ccc(c(c2)F)OCCC,0,0.4059837
CCCn1c(cc(n1)C)c2cccc(c2)C(F)F,1,0.7026281
CCCn1c(cc(n1)C)c2c3ccccc3ccc2OC,1,0.7928029
CCCn1c(cc(n1)C)c2ccccc2c3ccccn3,1,0.8468863
CCCn1c(cc(n1)C)c2c(cc(c(c2C)F)C)C,0,0.2705886
CCCn1c(cc(n1)C)c2cccc(c2)c3ccccn3,1,0.90913755
CCCn1c(cc(n1)C)c2c3c(ccn2)c4c([nH]3)CCCC4,1,0.55819505
CCCn1c(cc(n1)C)c2cc(nc(n2)c3cccs3)C,0,0.27320468
CCCn1c(cc(n1)C)c2ccc3c(c2)[nH]c(=S)s3,1,0.8347619
CCCn1c(cc(n1)C)c2ccc3c(c2)ccs3,1,0.9181415
CCCn1c(cc(n1)C)c2cc(cc(c2)F)N3CCCC3,1,0.6329798
CCCn1c(cc(n1)C)c2ccc3ccsc3c2,1,0.86804897
CCCn1c(cc(n1)C)c2ccc3c(c2)nc(o3)C4CC4,1,0.85077137
CCCn1c(cc(n1)C)c2ccc(cc2)N(CC)CC,1,0.5774533
CCCn1c(cc(n1)C)c2cncc3c2cc(cc3)C,1,0.7986334
CCCn1c(cc(n1)C)c2ccc(cc2OC)C(F)(F)F,0,0.4240686
CCCn1c(cc(n1)C)c2ccccc2OC(C)C,1,0.6564177
CCCn1c(cc(n1)C)c2cccc3c2ccs3,1,0.8996352
CCCn1c(cc(n1)C)c2ccc(cc2)OCC(F)(F)F,0,0.45056963
CCCn1c(cc(n1)C)c2c(cc(c3c2cc[nH]3)F)C,0,0.29788992
CCCn1c(cc(n1)C)c2ccc(cc2)OC3CCC3,1,0.86056066
CCCn1c(cc(n1)C)c2ccc(c3c2nccc3C)C,1,0.8061379
CCCn1c(cc(n1)C)c2ccc(cc2)c3ccnc(n3)C,1,0.5255951
CCCn1c(cc(n1)C)c2cccc3c2ccc(n3)C,1,0.75789785
CCCn1c(cc(n1)C)c2ccc3c(c2)ccc(n3)C,1,0.7046098
CCCn1c(cc(n1)C)c2ccc(cc2)C(F)(F)F,0,0.47899747
CCCn1c(cc(n1)C)c2c3c(cccc3ccn2)C,1,0.76994973
CCCn1c(cc(n1)C)c2ccc(c3c2[nH]cc3)C,1,0.65666443
CCCn1c(cc(n1)C)c2ccc3c(ccnc3c2)C,1,0.8154095
CCCn1c(cc(n1)C)c2ccc(c3c2ccc(n3)C)OC,1,0.71257806
CCCn1c(cc(n1)C)c2ccc(cc2)c3ccncc3,1,0.91864115
CCCn1c(cc(n1)C)c2cccc3c2cc([nH]3)C,0,0.4454053
CCCn1c(cc(n1)C)c2ccc(cc2F)OC(C)C,1,0.5374437
CCCn1c(cc(n1)C)c2ccc(c3c2cccn3)C,1,0.82436967
CCCn1c(cc(n1)C)c2cc(cc3c2cc[nH]3)C,0,0.4532286
CCCn1c(cc(n1)C)c2ccc3c(c[nH]c3c2)C,1,0.6017461
CCCn1c(cc(n1)C)c2ccc(cc2F)SC,1,0.82655394
CCCn1c(cc(n1)C)c2ccc(c(c2)OC)C(F)(F)F,0,0.42083627
CCCn1c(cc(n1)C)c2ccc3c(c2)[nH]c4c3cncc4,1,0.70158553
CCCn1c(cc(n1)C)c2cc(ccc2OCCC)F,1,0.80444074
CCCCOc1ccccc1c2cc(nn2CCC)C,0,0.21099666
CCCn1c(cc(n1)C)c2cc(c3c(c2)ccc(n3)C)C,1,0.6135138
CCCn1c(cc(n1)C)c2cc(cc(c2)F)C(F)F,1,0.5087031
